,Hours Studied,Previous Scores,Extracurricular Activities,Sleep Hours,Sample Question Papers Practiced,Performance Index
Hours Studied,1.0,-0.012389915515782873,0.0038725406742559105,0.0012451983990223517,0.017463167776963075,0.37373035069872307
Previous Scores,-0.012389915515782873,1.0,0.00836931978410972,0.005944219446099601,0.007888025233099645,0.9151891412264554
Extracurricular Activities,0.0038725406742559105,0.00836931978410972,1.0,-0.02328364392430249,0.013102781114299666,0.024524946967550563
Sleep Hours,0.0012451983990223517,0.005944219446099601,-0.02328364392430249,1.0,0.00399022021777753,0.04810583543435246
Sample Question Papers Practiced,0.017463167776963075,0.007888025233099645,0.013102781114299666,0.00399022021777753,1.0,0.04326832665907999
Performance Index,0.37373035069872307,0.9151891412264554,0.024524946967550563,0.04810583543435246,0.04326832665907999,1.0
